{
  "type": "panel",
  "name": "Video Panel",
  "id": "innius-video-panel",
  "info": {
    "description": "A panel to display video from a URL, YouTube ID, or an iFrame.",
    "author": {
      "name": "Innius",
      "url": "https://innius.com"
    },
    "keywords": [
      "video"
    ],
    "logos": {
      "small": "img/logo.svg",
      "large": "img/logo.svg"
    },
    "links": [
      {
        "name": "Project site",
        "url": "https://github.com/innius/grafana-video-panel"
      },
      {
        "name": "License",
        "url": "https://github.com/innius/grafana-video-panel/blob/master/LICENSE"
      }
    ],
    "screenshots": [
      {
        "name": "Examples",
        "path": "img/examples.png"
      }
    ],
    "version": "1.0.2",
    "updated": "2021-04-06"
  },
  "dependencies": {
    "grafanaDependency": ">=7.1.5",
    "plugins": []
  },
  "skipDataQuery": true
}


